Időbélyeg,Regisztrációs ID:,Vezetéknév:,Keresztnév:,Nem:,Életkor:,Email cím:,Melyik korcsoporttal beszélgetnél szívesen?,"Vállalnál-e csapatvezetői szerepet egy csoportban?
(Ez 8–10 fős csapat koordinálását jelenti. A feladatokat előre ismertetjük, hogy tisztában legyél a teendőkkel. A jelentkezés nem garantálja a szerepkört, a végső beosztásról időben értesítünk. )  ",Telefonszám:
2025/07/09 12:00:00 de. EEST,123456,Kiss,Ádám,férfi,20,kiss.ádám@example.com,bármelyik,"Nem, inkább csapattagként vennék részt",
2025/07/09 12:00:00 de. EEST,123457,Tóth,Tünde,nő,19,tóth.tünde@example.com,25 év alatti,"Nem, inkább csapattagként vennék részt",
2025/07/09 12:00:00 de. EEST,123458,Papp,Léna,nő,23,papp.léna@example.com,25 év feletti,"Nem, inkább csapattagként vennék részt",
2025/07/09 12:00:00 de. EEST,123459,Nagy,Dániel,férfi,18,nagy.dániel@example.com,25 év alatti,"Nem, inkább csapattagként vennék részt",
2025/07/09 12:00:00 de. EEST,123460,Mészáros,Hanna,nő,24,mészáros.hanna@example.com,25 év feletti,"Nem, inkább csapattagként vennék részt",
2025/07/09 12:00:00 de. EEST,123461,Juhász,János,férfi,30,juhász.jános@example.com,25 év alatti,"Nem, inkább csapattagként vennék részt",
2025/07/09 12:00:00 de. EEST,123462,Papp,Ádám,férfi,18,papp.ádám@example.com,bármelyik,"Nem, inkább csapattagként vennék részt",
2025/07/09 12:00:00 de. EEST,123463,Varga,Sándor,férfi,21,varga.sándor@example.com,25 év alatti,"Nem, inkább csapattagként vennék részt",
2025/07/09 12:00:00 de. EEST,123464,Kiss,Ilona,nő,21,kiss.ilona@example.com,bármelyik,"Nem tudom még / Attól függ, mik a feladatok",
2025/07/09 12:00:00 de. EEST,123465,Juhász,Léna,nő,24,juhász.léna@example.com,bármelyik,"Nem tudom még / Attól függ, mik a feladatok",
2025/07/09 12:00:00 de. EEST,123466,Papp,Boglárka,nő,20,papp.boglárka@example.com,25 év feletti,"Igen, szívesen lennék csapatvezető",
2025/07/09 12:00:00 de. EEST,123467,Varga,Aranka,nő,21,varga.aranka@example.com,25 év feletti,"Nem, inkább csapattagként vennék részt",
2025/07/09 12:00:00 de. EEST,123468,Farkas,Géza,férfi,21,farkas.géza@example.com,25 év feletti,"Nem, inkább csapattagként vennék részt",
2025/07/09 12:00:00 de. EEST,123469,Farkas,Zoltán,férfi,26,farkas.zoltán@example.com,25 év feletti,"Igen, szívesen lennék csapatvezető",
2025/07/09 12:00:00 de. EEST,123470,Molnár,Levente,férfi,19,molnár.levente@example.com,25 év alatti,"Nem, inkább csapattagként vennék részt",
2025/07/09 12:00:00 de. EEST,123471,Molnár,Tünde,nő,19,molnár.tünde@example.com,25 év feletti,"Nem, inkább csapattagként vennék részt",
2025/07/09 12:00:00 de. EEST,123472,Papp,Adél,nő,23,papp.adél@example.com,25 év feletti,"Nem, inkább csapattagként vennék részt",
2025/07/09 12:00:00 de. EEST,123473,Horváth,Gréta,nő,26,horváth.gréta@example.com,25 év alatti,"Nem, inkább csapattagként vennék részt",
2025/07/09 12:00:00 de. EEST,123474,Papp,Máté,férfi,18,papp.máté@example.com,25 év alatti,"Nem, inkább csapattagként vennék részt",
2025/07/09 12:00:00 de. EEST,123475,Takács,Hanna,nő,21,takács.hanna@example.com,25 év alatti,"Nem, inkább csapattagként vennék részt",
2025/07/09 12:00:00 de. EEST,123476,Farkas,Bence,férfi,25,farkas.bence@example.com,bármelyik,"Nem, inkább csapattagként vennék részt",
2025/07/09 12:00:00 de. EEST,123477,Németh,Gréta,nő,33,németh.gréta@example.com,bármelyik,"Nem, inkább csapattagként vennék részt",
2025/07/09 12:00:00 de. EEST,123478,Papp,Bence,férfi,28,papp.bence@example.com,25 év alatti,"Nem, inkább csapattagként vennék részt",
2025/07/09 12:00:00 de. EEST,123479,Farkas,Máté,férfi,26,farkas.máté@example.com,25 év alatti,"Nem, inkább csapattagként vennék részt",
2025/07/09 12:00:00 de. EEST,123480,Kiss,Olivér,férfi,18,kiss.olivér@example.com,bármelyik,"Igen, szívesen lennék csapatvezető",
2025/07/09 12:00:00 de. EEST,123481,Kiss,Marcell,férfi,32,kiss.marcell@example.com,bármelyik,"Nem, inkább csapattagként vennék részt",
2025/07/09 12:00:00 de. EEST,123482,Tóth,Noel,férfi,22,tóth.noel@example.com,bármelyik,"Nem, inkább csapattagként vennék részt",
2025/07/09 12:00:00 de. EEST,123483,Balogh,Bence,férfi,18,balogh.bence@example.com,bármelyik,"Nem tudom még / Attól függ, mik a feladatok",
2025/07/09 12:00:00 de. EEST,123484,Nagy,Csaba,férfi,23,nagy.csaba@example.com,25 év alatti,"Nem, inkább csapattagként vennék részt",
2025/07/09 12:00:00 de. EEST,123485,Kovács,Aranka,nő,22,kovács.aranka@example.com,25 év feletti,"Nem, inkább csapattagként vennék részt",
2025/07/09 12:00:00 de. EEST,123486,Szabó,Marcell,férfi,18,szabó.marcell@example.com,25 év feletti,"Nem, inkább csapattagként vennék részt",
2025/07/09 12:00:00 de. EEST,123487,Tóth,Tünde,nő,19,tóth.tünde@example.com,25 év alatti,"Nem, inkább csapattagként vennék részt",
2025/07/09 12:00:00 de. EEST,123488,Tóth,Erzsébet,nő,18,tóth.erzsébet@example.com,bármelyik,"Nem, inkább csapattagként vennék részt",
2025/07/09 12:00:00 de. EEST,123489,Kovács,Zsófia,nő,31,kovács.zsófia@example.com,25 év feletti,"Nem, inkább csapattagként vennék részt",
2025/07/09 12:00:00 de. EEST,123490,Papp,Alíz,nő,22,papp.alíz@example.com,25 év feletti,"Nem, inkább csapattagként vennék részt",
2025/07/09 12:00:00 de. EEST,123491,Juhász,Tünde,nő,35,juhász.tünde@example.com,bármelyik,"Nem, inkább csapattagként vennék részt",
2025/07/09 12:00:00 de. EEST,123492,Kiss,Léna,nő,18,kiss.léna@example.com,25 év feletti,"Nem tudom még / Attól függ, mik a feladatok",
2025/07/09 12:00:00 de. EEST,123493,Farkas,Attila,férfi,21,farkas.attila@example.com,bármelyik,"Nem, inkább csapattagként vennék részt",
2025/07/09 12:00:00 de. EEST,123494,Papp,Jázmin,nő,32,papp.jázmin@example.com,25 év alatti,"Nem, inkább csapattagként vennék részt",
2025/07/09 12:00:00 de. EEST,123495,Farkas,Géza,férfi,29,farkas.géza@example.com,bármelyik,"Nem, inkább csapattagként vennék részt",
2025/07/09 12:00:00 de. EEST,123496,Tóth,Erzsébet,nő,24,tóth.erzsébet@example.com,25 év feletti,"Nem, inkább csapattagként vennék részt",
2025/07/09 12:00:00 de. EEST,123497,Papp,Adél,nő,18,papp.adél@example.com,25 év alatti,"Igen, szívesen lennék csapatvezető",
2025/07/09 12:00:00 de. EEST,123498,Tóth,Jázmin,nő,28,tóth.jázmin@example.com,25 év alatti,"Nem tudom még / Attól függ, mik a feladatok",
2025/07/09 12:00:00 de. EEST,123499,Kovács,Anna,nő,18,kovács.anna@example.com,25 év alatti,"Nem, inkább csapattagként vennék részt",
2025/07/09 12:00:00 de. EEST,123500,Kovács,Adél,nő,23,kovács.adél@example.com,25 év alatti,"Igen, szívesen lennék csapatvezető",
2025/07/09 12:00:00 de. EEST,123501,Takács,Anna,nő,28,takács.anna@example.com,25 év feletti,"Nem, inkább csapattagként vennék részt",
2025/07/09 12:00:00 de. EEST,123502,Szabó,Attila,férfi,20,szabó.attila@example.com,bármelyik,"Nem, inkább csapattagként vennék részt",
2025/07/09 12:00:00 de. EEST,123503,Juhász,Máté,férfi,21,juhász.máté@example.com,bármelyik,"Nem, inkább csapattagként vennék részt",
2025/07/09 12:00:00 de. EEST,123504,Balogh,Gréta,nő,21,balogh.gréta@example.com,bármelyik,"Nem, inkább csapattagként vennék részt",
2025/07/09 12:00:00 de. EEST,123505,Szabó,Adél,nő,26,szabó.adél@example.com,25 év alatti,"Nem, inkább csapattagként vennék részt",
2025/07/09 12:00:00 de. EEST,123506,Balogh,Olivér,férfi,21,balogh.olivér@example.com,bármelyik,"Nem, inkább csapattagként vennék részt",
2025/07/09 12:00:00 de. EEST,123507,Molnár,Erzsébet,nő,28,molnár.erzsébet@example.com,bármelyik,"Nem tudom még / Attól függ, mik a feladatok",
2025/07/09 12:00:00 de. EEST,123508,Németh,Ibolya,nő,19,németh.ibolya@example.com,25 év feletti,"Nem, inkább csapattagként vennék részt",
2025/07/09 12:00:00 de. EEST,123509,Molnár,Luca,nő,22,molnár.luca@example.com,bármelyik,"Nem, inkább csapattagként vennék részt",
2025/07/09 12:00:00 de. EEST,123510,Kiss,Sándor,férfi,29,kiss.sándor@example.com,25 év feletti,"Nem, inkább csapattagként vennék részt",
2025/07/09 12:00:00 de. EEST,123511,Kovács,Ilona,nő,20,kovács.ilona@example.com,bármelyik,"Nem, inkább csapattagként vennék részt",
2025/07/09 12:00:00 de. EEST,123512,Balogh,András,férfi,19,balogh.andrás@example.com,25 év alatti,"Igen, szívesen lennék csapatvezető",
2025/07/09 12:00:00 de. EEST,123513,Takács,Béla,férfi,19,takács.béla@example.com,25 év feletti,"Nem, inkább csapattagként vennék részt",
2025/07/09 12:00:00 de. EEST,123514,Tóth,János,férfi,19,tóth.jános@example.com,bármelyik,"Nem, inkább csapattagként vennék részt",
2025/07/09 12:00:00 de. EEST,123515,Juhász,Ibolya,nő,22,juhász.ibolya@example.com,bármelyik,"Nem, inkább csapattagként vennék részt",
2025/07/09 12:00:00 de. EEST,123516,Varga,Attila,férfi,20,varga.attila@example.com,25 év alatti,"Igen, szívesen lennék csapatvezető",
2025/07/09 12:00:00 de. EEST,123517,Farkas,Máté,férfi,33,farkas.máté@example.com,25 év feletti,"Nem, inkább csapattagként vennék részt",
2025/07/09 12:00:00 de. EEST,123518,Nagy,Béla,férfi,21,nagy.béla@example.com,25 év feletti,"Nem, inkább csapattagként vennék részt",
2025/07/09 12:00:00 de. EEST,123519,Németh,Léna,nő,20,németh.léna@example.com,bármelyik,"Nem, inkább csapattagként vennék részt",
2025/07/09 12:00:00 de. EEST,123520,Balogh,Léna,nő,25,balogh.léna@example.com,25 év alatti,"Igen, szívesen lennék csapatvezető",
2025/07/09 12:00:00 de. EEST,123521,Németh,Máté,férfi,19,németh.máté@example.com,bármelyik,"Igen, szívesen lennék csapatvezető",
2025/07/09 12:00:00 de. EEST,123522,Takács,Gréta,nő,26,takács.gréta@example.com,25 év alatti,"Nem, inkább csapattagként vennék részt",
2025/07/09 12:00:00 de. EEST,123523,Farkas,Ilona,nő,24,farkas.ilona@example.com,25 év alatti,"Nem, inkább csapattagként vennék részt",
2025/07/09 12:00:00 de. EEST,123524,Balogh,Zoltán,férfi,21,balogh.zoltán@example.com,25 év feletti,"Igen, szívesen lennék csapatvezető",
2025/07/09 12:00:00 de. EEST,123525,Nagy,Anna,nő,21,nagy.anna@example.com,bármelyik,"Nem, inkább csapattagként vennék részt",
2025/07/09 12:00:00 de. EEST,123526,Kiss,Attila,férfi,22,kiss.attila@example.com,bármelyik,"Nem, inkább csapattagként vennék részt",
2025/07/09 12:00:00 de. EEST,123527,Nagy,Zoltán,férfi,19,nagy.zoltán@example.com,25 év feletti,"Nem, inkább csapattagként vennék részt",
2025/07/09 12:00:00 de. EEST,123528,Mészáros,Adél,nő,28,mészáros.adél@example.com,25 év feletti,"Nem, inkább csapattagként vennék részt",
2025/07/09 12:00:00 de. EEST,123529,Horváth,Tamás,férfi,19,horváth.tamás@example.com,bármelyik,"Nem, inkább csapattagként vennék részt",
2025/07/09 12:00:00 de. EEST,123530,Kiss,Ilona,nő,21,kiss.ilona@example.com,25 év alatti,"Nem, inkább csapattagként vennék részt",
2025/07/09 12:00:00 de. EEST,123531,Németh,István,férfi,20,németh.istván@example.com,25 év alatti,"Nem, inkább csapattagként vennék részt",
2025/07/09 12:00:00 de. EEST,123532,Molnár,Gábor,férfi,20,molnár.gábor@example.com,bármelyik,"Nem tudom még / Attól függ, mik a feladatok",
2025/07/09 12:00:00 de. EEST,123533,Balogh,Luca,nő,34,balogh.luca@example.com,25 év alatti,"Nem, inkább csapattagként vennék részt",
2025/07/09 12:00:00 de. EEST,123534,Molnár,Zita,nő,18,molnár.zita@example.com,25 év feletti,"Nem tudom még / Attól függ, mik a feladatok",
2025/07/09 12:00:00 de. EEST,123535,Szabó,Zita,nő,22,szabó.zita@example.com,25 év alatti,"Nem, inkább csapattagként vennék részt",
2025/07/09 12:00:00 de. EEST,123536,Nagy,Sándor,férfi,19,nagy.sándor@example.com,25 év alatti,"Nem, inkább csapattagként vennék részt",
2025/07/09 12:00:00 de. EEST,123537,Balogh,Gábor,férfi,22,balogh.gábor@example.com,bármelyik,"Igen, szívesen lennék csapatvezető",
2025/07/09 12:00:00 de. EEST,123538,Varga,Noel,férfi,35,varga.noel@example.com,25 év feletti,"Nem, inkább csapattagként vennék részt",
2025/07/09 12:00:00 de. EEST,123539,Németh,István,férfi,20,németh.istván@example.com,bármelyik,"Nem, inkább csapattagként vennék részt",
2025/07/09 12:00:00 de. EEST,123540,Takács,János,férfi,19,takács.jános@example.com,bármelyik,"Nem, inkább csapattagként vennék részt",
2025/07/09 12:00:00 de. EEST,123541,Farkas,Attila,férfi,31,farkas.attila@example.com,bármelyik,"Nem, inkább csapattagként vennék részt",
2025/07/09 12:00:00 de. EEST,123542,Farkas,András,férfi,34,farkas.andrás@example.com,25 év alatti,"Nem tudom még / Attól függ, mik a feladatok",
2025/07/09 12:00:00 de. EEST,123543,Varga,Boglárka,nő,19,varga.boglárka@example.com,25 év alatti,"Nem, inkább csapattagként vennék részt",
2025/07/09 12:00:00 de. EEST,123544,Kiss,Noel,férfi,23,kiss.noel@example.com,25 év feletti,"Nem, inkább csapattagként vennék részt",
2025/07/09 12:00:00 de. EEST,123545,Farkas,Zoltán,férfi,28,farkas.zoltán@example.com,bármelyik,"Nem, inkább csapattagként vennék részt",
2025/07/09 12:00:00 de. EEST,123546,Papp,Aranka,nő,20,papp.aranka@example.com,25 év feletti,"Nem tudom még / Attól függ, mik a feladatok",
2025/07/09 12:00:00 de. EEST,123547,Mészáros,Jázmin,nő,33,mészáros.jázmin@example.com,bármelyik,"Nem, inkább csapattagként vennék részt",
2025/07/09 12:00:00 de. EEST,123548,Nagy,Olivér,férfi,19,nagy.olivér@example.com,bármelyik,"Nem, inkább csapattagként vennék részt",
2025/07/09 12:00:00 de. EEST,123549,Juhász,Máté,férfi,21,juhász.máté@example.com,25 év feletti,"Nem, inkább csapattagként vennék részt",
2025/07/09 12:00:00 de. EEST,123550,Németh,József,férfi,22,németh.józsef@example.com,25 év alatti,"Nem, inkább csapattagként vennék részt",
2025/07/09 12:00:00 de. EEST,123551,Papp,Csilla,nő,20,papp.csilla@example.com,bármelyik,"Nem, inkább csapattagként vennék részt",
2025/07/09 12:00:00 de. EEST,123552,Németh,Dániel,férfi,34,németh.dániel@example.com,25 év alatti,"Nem, inkább csapattagként vennék részt",
2025/07/09 12:00:00 de. EEST,123553,Kiss,Bence,férfi,22,kiss.bence@example.com,bármelyik,"Nem, inkább csapattagként vennék részt",
2025/07/09 12:00:00 de. EEST,123554,Mészáros,Levente,férfi,21,mészáros.levente@example.com,25 év alatti,"Nem, inkább csapattagként vennék részt",
2025/07/09 12:00:00 de. EEST,123555,Papp,András,férfi,24,papp.andrás@example.com,25 év alatti,"Nem, inkább csapattagként vennék részt",
2025/07/09 12:00:00 de. EEST,123556,Kovács,László,férfi,23,kovács.lászló@example.com,25 év alatti,"Nem, inkább csapattagként vennék részt",
2025/07/09 12:00:00 de. EEST,123557,Farkas,Noel,férfi,18,farkas.noel@example.com,bármelyik,"Nem, inkább csapattagként vennék részt",
2025/07/09 12:00:00 de. EEST,123558,Szabó,Kamilla,nő,20,szabó.kamilla@example.com,bármelyik,"Igen, szívesen lennék csapatvezető",
2025/07/09 12:00:00 de. EEST,123559,Németh,Máté,férfi,21,németh.máté@example.com,25 év alatti,"Nem, inkább csapattagként vennék részt",
2025/07/09 12:00:00 de. EEST,123560,Balogh,Ilona,nő,30,balogh.ilona@example.com,25 év feletti,"Nem, inkább csapattagként vennék részt",
2025/07/09 12:00:00 de. EEST,123561,Tóth,Réka,nő,21,tóth.réka@example.com,25 év alatti,"Nem, inkább csapattagként vennék részt",
2025/07/09 12:00:00 de. EEST,123562,Varga,Zita,nő,25,varga.zita@example.com,bármelyik,"Igen, szívesen lennék csapatvezető",
2025/07/09 12:00:00 de. EEST,123563,Szabó,Ádám,férfi,19,szabó.ádám@example.com,25 év feletti,"Nem, inkább csapattagként vennék részt",
2025/07/09 12:00:00 de. EEST,123564,Juhász,Réka,nő,22,juhász.réka@example.com,25 év alatti,"Nem tudom még / Attól függ, mik a feladatok",
2025/07/09 12:00:00 de. EEST,123565,Balogh,Tünde,nő,18,balogh.tünde@example.com,25 év feletti,"Nem, inkább csapattagként vennék részt",
2025/07/09 12:00:00 de. EEST,123566,Németh,Ádám,férfi,18,németh.ádám@example.com,25 év feletti,"Nem, inkább csapattagként vennék részt",
2025/07/09 12:00:00 de. EEST,123567,Horváth,Csaba,férfi,27,horváth.csaba@example.com,bármelyik,"Nem, inkább csapattagként vennék részt",
2025/07/09 12:00:00 de. EEST,123568,Farkas,Bence,férfi,21,farkas.bence@example.com,bármelyik,"Nem, inkább csapattagként vennék részt",
2025/07/09 12:00:00 de. EEST,123569,Kiss,Léna,nő,27,kiss.léna@example.com,25 év alatti,"Nem, inkább csapattagként vennék részt",
2025/07/09 12:00:00 de. EEST,123570,Balogh,Máté,férfi,21,balogh.máté@example.com,bármelyik,"Nem, inkább csapattagként vennék részt",
2025/07/09 12:00:00 de. EEST,123571,Szabó,Tünde,nő,22,szabó.tünde@example.com,25 év feletti,"Igen, szívesen lennék csapatvezető",
2025/07/09 12:00:00 de. EEST,123572,Tóth,Aranka,nő,24,tóth.aranka@example.com,25 év alatti,"Nem tudom még / Attól függ, mik a feladatok",
2025/07/09 12:00:00 de. EEST,123573,Molnár,Adél,nő,22,molnár.adél@example.com,25 év feletti,"Igen, szívesen lennék csapatvezető",
2025/07/09 12:00:00 de. EEST,123574,Balogh,Zalán,férfi,20,balogh.zalán@example.com,bármelyik,"Nem, inkább csapattagként vennék részt",
2025/07/09 12:00:00 de. EEST,123575,Kovács,Máté,férfi,21,kovács.máté@example.com,bármelyik,"Nem, inkább csapattagként vennék részt",
2025/07/09 12:00:00 de. EEST,123576,Kiss,Zita,nő,32,kiss.zita@example.com,bármelyik,"Nem tudom még / Attól függ, mik a feladatok",
2025/07/09 12:00:00 de. EEST,123577,Farkas,Zalán,férfi,23,farkas.zalán@example.com,bármelyik,"Nem, inkább csapattagként vennék részt",
2025/07/09 12:00:00 de. EEST,123578,Nagy,Boglárka,nő,28,nagy.boglárka@example.com,25 év alatti,"Nem, inkább csapattagként vennék részt",
2025/07/09 12:00:00 de. EEST,123579,Németh,Marcell,férfi,20,németh.marcell@example.com,bármelyik,"Nem, inkább csapattagként vennék részt",
2025/07/09 12:00:00 de. EEST,123580,Juhász,Levente,férfi,24,juhász.levente@example.com,25 év feletti,"Nem, inkább csapattagként vennék részt",
2025/07/09 12:00:00 de. EEST,123581,Farkas,Léna,nő,21,farkas.léna@example.com,25 év alatti,"Nem, inkább csapattagként vennék részt",
2025/07/09 12:00:00 de. EEST,123582,Molnár,Zalán,férfi,19,molnár.zalán@example.com,bármelyik,"Igen, szívesen lennék csapatvezető",
2025/07/09 12:00:00 de. EEST,123583,Németh,Tünde,nő,18,németh.tünde@example.com,25 év alatti,"Nem, inkább csapattagként vennék részt",
2025/07/09 12:00:00 de. EEST,123584,Varga,Kamilla,nő,23,varga.kamilla@example.com,25 év alatti,"Nem, inkább csapattagként vennék részt",
2025/07/09 12:00:00 de. EEST,123585,Molnár,Csaba,férfi,19,molnár.csaba@example.com,25 év alatti,"Igen, szívesen lennék csapatvezető",
2025/07/09 12:00:00 de. EEST,123586,Nagy,Géza,férfi,35,nagy.géza@example.com,25 év alatti,"Nem, inkább csapattagként vennék részt",
2025/07/09 12:00:00 de. EEST,123587,Mészáros,Levente,férfi,23,mészáros.levente@example.com,25 év feletti,"Igen, szívesen lennék csapatvezető",
2025/07/09 12:00:00 de. EEST,123588,Takács,Adél,nő,33,takács.adél@example.com,25 év feletti,"Nem tudom még / Attól függ, mik a feladatok",
2025/07/09 12:00:00 de. EEST,123589,Juhász,Aranka,nő,35,juhász.aranka@example.com,25 év feletti,"Igen, szívesen lennék csapatvezető",
2025/07/09 12:00:00 de. EEST,123590,Kovács,Ibolya,nő,24,kovács.ibolya@example.com,25 év alatti,"Nem, inkább csapattagként vennék részt",
2025/07/09 12:00:00 de. EEST,123591,Mészáros,Béla,férfi,19,mészáros.béla@example.com,bármelyik,"Nem, inkább csapattagként vennék részt",
2025/07/09 12:00:00 de. EEST,123592,Kiss,Csaba,férfi,22,kiss.csaba@example.com,25 év alatti,"Nem, inkább csapattagként vennék részt",
2025/07/09 12:00:00 de. EEST,123593,Kovács,János,férfi,21,kovács.jános@example.com,25 év feletti,"Nem, inkább csapattagként vennék részt",
2025/07/09 12:00:00 de. EEST,123594,Szabó,Gréta,nő,19,szabó.gréta@example.com,bármelyik,"Nem tudom még / Attól függ, mik a feladatok",
2025/07/09 12:00:00 de. EEST,123595,Horváth,Tamás,férfi,18,horváth.tamás@example.com,25 év feletti,"Nem, inkább csapattagként vennék részt",
2025/07/09 12:00:00 de. EEST,123596,Papp,Bence,férfi,19,papp.bence@example.com,25 év feletti,"Nem, inkább csapattagként vennék részt",
2025/07/09 12:00:00 de. EEST,123597,Papp,Máté,férfi,22,papp.máté@example.com,25 év feletti,"Igen, szívesen lennék csapatvezető",
2025/07/09 12:00:00 de. EEST,123598,Balogh,János,férfi,18,balogh.jános@example.com,25 év alatti,"Igen, szívesen lennék csapatvezető",
2025/07/09 12:00:00 de. EEST,123599,Papp,Boglárka,nő,24,papp.boglárka@example.com,25 év alatti,"Nem, inkább csapattagként vennék részt",
2025/07/09 12:00:00 de. EEST,123600,Juhász,Tünde,nő,20,juhász.tünde@example.com,bármelyik,"Nem, inkább csapattagként vennék részt",
2025/07/09 12:00:00 de. EEST,123601,Takács,Dániel,férfi,20,takács.dániel@example.com,25 év alatti,"Nem, inkább csapattagként vennék részt",
2025/07/09 12:00:00 de. EEST,123602,Mészáros,Hajnalka,nő,20,mészáros.hajnalka@example.com,bármelyik,"Nem, inkább csapattagként vennék részt",
2025/07/09 12:00:00 de. EEST,123603,Szabó,Gréta,nő,23,szabó.gréta@example.com,bármelyik,"Nem tudom még / Attól függ, mik a feladatok",
2025/07/09 12:00:00 de. EEST,123604,Nagy,Attila,férfi,35,nagy.attila@example.com,25 év alatti,"Nem, inkább csapattagként vennék részt",
2025/07/09 12:00:00 de. EEST,123605,Balogh,Olivér,férfi,19,balogh.olivér@example.com,bármelyik,"Nem, inkább csapattagként vennék részt",
2025/07/09 12:00:00 de. EEST,123606,Molnár,Tamás,férfi,23,molnár.tamás@example.com,bármelyik,"Nem, inkább csapattagként vennék részt",
2025/07/09 12:00:00 de. EEST,123607,Takács,Bence,férfi,21,takács.bence@example.com,25 év feletti,"Nem, inkább csapattagként vennék részt",
2025/07/09 12:00:00 de. EEST,123608,Varga,Ferenc,férfi,29,varga.ferenc@example.com,bármelyik,"Nem, inkább csapattagként vennék részt",
2025/07/09 12:00:00 de. EEST,123609,Szabó,Ibolya,nő,20,szabó.ibolya@example.com,bármelyik,"Nem, inkább csapattagként vennék részt",
2025/07/09 12:00:00 de. EEST,123610,Juhász,Alíz,nő,31,juhász.alíz@example.com,bármelyik,"Nem, inkább csapattagként vennék részt",
2025/07/09 12:00:00 de. EEST,123611,Mészáros,Bence,férfi,23,mészáros.bence@example.com,bármelyik,"Nem tudom még / Attól függ, mik a feladatok",
2025/07/09 12:00:00 de. EEST,123612,Molnár,Hajnalka,nő,20,molnár.hajnalka@example.com,bármelyik,"Nem, inkább csapattagként vennék részt",
2025/07/09 12:00:00 de. EEST,123613,Juhász,Zoltán,férfi,23,juhász.zoltán@example.com,25 év feletti,"Nem, inkább csapattagként vennék részt",
2025/07/09 12:00:00 de. EEST,123614,Kiss,István,férfi,19,kiss.istván@example.com,25 év feletti,"Nem, inkább csapattagként vennék részt",
2025/07/09 12:00:00 de. EEST,123615,Takács,Zalán,férfi,24,takács.zalán@example.com,25 év alatti,"Nem, inkább csapattagként vennék részt",
2025/07/09 12:00:00 de. EEST,123616,Varga,Alíz,nő,19,varga.alíz@example.com,25 év alatti,"Nem, inkább csapattagként vennék részt",
2025/07/09 12:00:00 de. EEST,123617,Szabó,István,férfi,23,szabó.istván@example.com,bármelyik,"Nem, inkább csapattagként vennék részt",
2025/07/09 12:00:00 de. EEST,123618,Mészáros,Ferenc,férfi,18,mészáros.ferenc@example.com,25 év feletti,"Nem tudom még / Attól függ, mik a feladatok",
2025/07/09 12:00:00 de. EEST,123619,Varga,István,férfi,20,varga.istván@example.com,bármelyik,"Nem, inkább csapattagként vennék részt",
2025/07/09 12:00:00 de. EEST,123620,Kovács,István,férfi,21,kovács.istván@example.com,bármelyik,"Nem, inkább csapattagként vennék részt",
2025/07/09 12:00:00 de. EEST,123621,Juhász,Hanna,nő,28,juhász.hanna@example.com,25 év feletti,"Igen, szívesen lennék csapatvezető",
2025/07/09 12:00:00 de. EEST,123622,Papp,Zalán,férfi,22,papp.zalán@example.com,25 év alatti,"Nem, inkább csapattagként vennék részt",
2025/07/09 12:00:00 de. EEST,123623,Horváth,Zsófia,nő,31,horváth.zsófia@example.com,bármelyik,"Nem, inkább csapattagként vennék részt",
2025/07/09 12:00:00 de. EEST,123624,Balogh,Aranka,nő,18,balogh.aranka@example.com,25 év feletti,"Nem tudom még / Attól függ, mik a feladatok",
2025/07/09 12:00:00 de. EEST,123625,Tóth,Zsófia,nő,19,tóth.zsófia@example.com,25 év alatti,"Nem, inkább csapattagként vennék részt",
2025/07/09 12:00:00 de. EEST,123626,Szabó,Adél,nő,34,szabó.adél@example.com,25 év feletti,"Igen, szívesen lennék csapatvezető",
2025/07/09 12:00:00 de. EEST,123627,Takács,Ilona,nő,23,takács.ilona@example.com,25 év feletti,"Nem tudom még / Attól függ, mik a feladatok",
2025/07/09 12:00:00 de. EEST,123628,Tóth,Attila,férfi,35,tóth.attila@example.com,bármelyik,"Nem, inkább csapattagként vennék részt",
2025/07/09 12:00:00 de. EEST,123629,Molnár,Noel,férfi,19,molnár.noel@example.com,25 év alatti,"Nem, inkább csapattagként vennék részt",
2025/07/09 12:00:00 de. EEST,123630,Horváth,Béla,férfi,25,horváth.béla@example.com,25 év alatti,"Nem tudom még / Attól függ, mik a feladatok",
2025/07/09 12:00:00 de. EEST,123631,Kiss,Zoltán,férfi,19,kiss.zoltán@example.com,bármelyik,"Nem, inkább csapattagként vennék részt",
2025/07/09 12:00:00 de. EEST,123632,Varga,Gábor,férfi,18,varga.gábor@example.com,25 év alatti,"Nem, inkább csapattagként vennék részt",
2025/07/09 12:00:00 de. EEST,123633,Varga,Attila,férfi,28,varga.attila@example.com,25 év alatti,"Nem, inkább csapattagként vennék részt",
2025/07/09 12:00:00 de. EEST,123634,Kiss,Ibolya,nő,34,kiss.ibolya@example.com,bármelyik,"Nem, inkább csapattagként vennék részt",
2025/07/09 12:00:00 de. EEST,123635,Kovács,Dániel,férfi,25,kovács.dániel@example.com,25 év feletti,"Igen, szívesen lennék csapatvezető",
2025/07/09 12:00:00 de. EEST,123636,Takács,Aranka,nő,22,takács.aranka@example.com,25 év alatti,"Nem, inkább csapattagként vennék részt",
2025/07/09 12:00:00 de. EEST,123637,Varga,Csilla,nő,21,varga.csilla@example.com,25 év feletti,"Nem, inkább csapattagként vennék részt",
2025/07/09 12:00:00 de. EEST,123638,Molnár,Csaba,férfi,18,molnár.csaba@example.com,bármelyik,"Nem tudom még / Attól függ, mik a feladatok",
2025/07/09 12:00:00 de. EEST,123639,Balogh,Réka,nő,23,balogh.réka@example.com,bármelyik,"Nem, inkább csapattagként vennék részt",
2025/07/09 12:00:00 de. EEST,123640,Balogh,Luca,nő,23,balogh.luca@example.com,25 év alatti,"Nem, inkább csapattagként vennék részt",
2025/07/09 12:00:00 de. EEST,123641,Juhász,Olivér,férfi,21,juhász.olivér@example.com,25 év feletti,"Nem tudom még / Attól függ, mik a feladatok",
2025/07/09 12:00:00 de. EEST,123642,Németh,Ibolya,nő,25,németh.ibolya@example.com,25 év feletti,"Nem, inkább csapattagként vennék részt",
2025/07/09 12:00:00 de. EEST,123643,Németh,József,férfi,18,németh.józsef@example.com,25 év alatti,"Igen, szívesen lennék csapatvezető",
2025/07/09 12:00:00 de. EEST,123644,Farkas,Léna,nő,23,farkas.léna@example.com,25 év feletti,"Igen, szívesen lennék csapatvezető",
2025/07/09 12:00:00 de. EEST,123645,Farkas,József,férfi,35,farkas.józsef@example.com,25 év alatti,"Nem, inkább csapattagként vennék részt",
2025/07/09 12:00:00 de. EEST,123646,Juhász,Ilona,nő,34,juhász.ilona@example.com,25 év feletti,"Nem, inkább csapattagként vennék részt",
2025/07/09 12:00:00 de. EEST,123647,Kovács,Zsófia,nő,18,kovács.zsófia@example.com,bármelyik,"Nem, inkább csapattagként vennék részt",
2025/07/09 12:00:00 de. EEST,123648,Molnár,Aranka,nő,31,molnár.aranka@example.com,bármelyik,"Igen, szívesen lennék csapatvezető",
2025/07/09 12:00:00 de. EEST,123649,Takács,Sándor,férfi,29,takács.sándor@example.com,25 év feletti,"Nem, inkább csapattagként vennék részt",
2025/07/09 12:00:00 de. EEST,123650,Takács,Olivér,férfi,24,takács.olivér@example.com,25 év feletti,"Nem, inkább csapattagként vennék részt",
2025/07/09 12:00:00 de. EEST,123651,Molnár,János,férfi,23,molnár.jános@example.com,bármelyik,"Nem, inkább csapattagként vennék részt",
2025/07/09 12:00:00 de. EEST,123652,Mészáros,Géza,férfi,28,mészáros.géza@example.com,25 év alatti,"Nem, inkább csapattagként vennék részt",
2025/07/09 12:00:00 de. EEST,123653,Horváth,Réka,nő,23,horváth.réka@example.com,bármelyik,"Nem tudom még / Attól függ, mik a feladatok",
2025/07/09 12:00:00 de. EEST,123654,Nagy,Ilona,nő,23,nagy.ilona@example.com,bármelyik,"Nem, inkább csapattagként vennék részt",
2025/07/09 12:00:00 de. EEST,123655,Mészáros,Olivér,férfi,33,mészáros.olivér@example.com,25 év alatti,"Igen, szívesen lennék csapatvezető",
2025/07/09 12:00:00 de. EEST,123656,Balogh,Anna,nő,21,balogh.anna@example.com,25 év feletti,"Nem, inkább csapattagként vennék részt",
2025/07/09 12:00:00 de. EEST,123657,Németh,Jázmin,nő,19,németh.jázmin@example.com,25 év feletti,"Nem, inkább csapattagként vennék részt",
2025/07/09 12:00:00 de. EEST,123658,Kovács,Zsófia,nő,30,kovács.zsófia@example.com,25 év alatti,"Nem, inkább csapattagként vennék részt",
2025/07/09 12:00:00 de. EEST,123659,Németh,Anna,nő,19,németh.anna@example.com,25 év alatti,"Nem, inkább csapattagként vennék részt",
2025/07/09 12:00:00 de. EEST,123660,Szabó,János,férfi,23,szabó.jános@example.com,bármelyik,"Nem, inkább csapattagként vennék részt",
2025/07/09 12:00:00 de. EEST,123661,Horváth,Zita,nő,21,horváth.zita@example.com,25 év alatti,"Nem, inkább csapattagként vennék részt",
2025/07/09 12:00:00 de. EEST,123662,Varga,József,férfi,22,varga.józsef@example.com,25 év feletti,"Nem, inkább csapattagként vennék részt",
2025/07/09 12:00:00 de. EEST,123663,Takács,Kamilla,nő,30,takács.kamilla@example.com,25 év alatti,"Nem tudom még / Attól függ, mik a feladatok",
2025/07/09 12:00:00 de. EEST,123664,Nagy,János,férfi,20,nagy.jános@example.com,25 év alatti,"Nem, inkább csapattagként vennék részt",
2025/07/09 12:00:00 de. EEST,123665,Papp,Csaba,férfi,19,papp.csaba@example.com,bármelyik,"Nem, inkább csapattagként vennék részt",
2025/07/09 12:00:00 de. EEST,123666,Takács,Kamilla,nő,24,takács.kamilla@example.com,25 év alatti,"Nem, inkább csapattagként vennék részt",
2025/07/09 12:00:00 de. EEST,123667,Németh,Hajnalka,nő,19,németh.hajnalka@example.com,bármelyik,"Nem, inkább csapattagként vennék részt",
2025/07/09 12:00:00 de. EEST,123668,Farkas,Hanna,nő,21,farkas.hanna@example.com,bármelyik,"Igen, szívesen lennék csapatvezető",
2025/07/09 12:00:00 de. EEST,123669,Papp,József,férfi,20,papp.józsef@example.com,bármelyik,"Nem, inkább csapattagként vennék részt",
2025/07/09 12:00:00 de. EEST,123670,Németh,Erzsébet,nő,21,németh.erzsébet@example.com,25 év feletti,"Igen, szívesen lennék csapatvezető",
2025/07/09 12:00:00 de. EEST,123671,Balogh,Zita,nő,32,balogh.zita@example.com,bármelyik,"Nem, inkább csapattagként vennék részt",
2025/07/09 12:00:00 de. EEST,123672,Horváth,Zoltán,férfi,20,horváth.zoltán@example.com,25 év feletti,"Nem, inkább csapattagként vennék részt",
2025/07/09 12:00:00 de. EEST,123673,Takács,Anna,nő,23,takács.anna@example.com,bármelyik,"Igen, szívesen lennék csapatvezető",
2025/07/09 12:00:00 de. EEST,123674,Tóth,Attila,férfi,22,tóth.attila@example.com,bármelyik,"Nem, inkább csapattagként vennék részt",
2025/07/09 12:00:00 de. EEST,123675,Szabó,Tamás,férfi,21,szabó.tamás@example.com,25 év alatti,"Nem, inkább csapattagként vennék részt",
2025/07/09 12:00:00 de. EEST,123676,Varga,Tünde,nő,34,varga.tünde@example.com,25 év alatti,"Nem, inkább csapattagként vennék részt",
2025/07/09 12:00:00 de. EEST,123677,Kiss,Zsófia,nő,19,kiss.zsófia@example.com,25 év feletti,"Nem, inkább csapattagként vennék részt",
2025/07/09 12:00:00 de. EEST,123678,Varga,Attila,férfi,21,varga.attila@example.com,25 év feletti,"Nem, inkább csapattagként vennék részt",
2025/07/09 12:00:00 de. EEST,123679,Mészáros,Boglárka,nő,34,mészáros.boglárka@example.com,25 év feletti,"Nem, inkább csapattagként vennék részt",
2025/07/09 12:00:00 de. EEST,123680,Farkas,Jázmin,nő,21,farkas.jázmin@example.com,bármelyik,"Nem, inkább csapattagként vennék részt",
2025/07/09 12:00:00 de. EEST,123681,Kiss,Gábor,férfi,24,kiss.gábor@example.com,bármelyik,"Nem, inkább csapattagként vennék részt",
2025/07/09 12:00:00 de. EEST,123682,Nagy,Léna,nő,21,nagy.léna@example.com,25 év alatti,"Nem, inkább csapattagként vennék részt",
2025/07/09 12:00:00 de. EEST,123683,Farkas,György,férfi,23,farkas.györgy@example.com,bármelyik,"Igen, szívesen lennék csapatvezető",
2025/07/09 12:00:00 de. EEST,123684,Németh,Hajnalka,nő,19,németh.hajnalka@example.com,25 év feletti,"Nem, inkább csapattagként vennék részt",
2025/07/09 12:00:00 de. EEST,123685,Nagy,Gréta,nő,30,nagy.gréta@example.com,25 év alatti,"Igen, szívesen lennék csapatvezető",
2025/07/09 12:00:00 de. EEST,123686,Papp,Zita,nő,22,papp.zita@example.com,25 év alatti,"Nem, inkább csapattagként vennék részt",
2025/07/09 12:00:00 de. EEST,123687,Balogh,Noel,férfi,23,balogh.noel@example.com,25 év alatti,"Nem, inkább csapattagként vennék részt",
2025/07/09 12:00:00 de. EEST,123688,Horváth,Erzsébet,nő,24,horváth.erzsébet@example.com,25 év alatti,"Nem, inkább csapattagként vennék részt",
2025/07/09 12:00:00 de. EEST,123689,Horváth,Ilona,nő,24,horváth.ilona@example.com,25 év feletti,"Nem, inkább csapattagként vennék részt",
2025/07/09 12:00:00 de. EEST,123690,Horváth,Gréta,nő,33,horváth.gréta@example.com,25 év alatti,"Igen, szívesen lennék csapatvezető",
2025/07/09 12:00:00 de. EEST,123691,Horváth,Zsófia,nő,26,horváth.zsófia@example.com,25 év feletti,"Nem, inkább csapattagként vennék részt",
2025/07/09 12:00:00 de. EEST,123692,Takács,Géza,férfi,30,takács.géza@example.com,bármelyik,"Nem, inkább csapattagként vennék részt",
2025/07/09 12:00:00 de. EEST,123693,Juhász,Léna,nő,20,juhász.léna@example.com,25 év alatti,"Igen, szívesen lennék csapatvezető",
2025/07/09 12:00:00 de. EEST,123694,Tóth,József,férfi,22,tóth.józsef@example.com,bármelyik,"Nem, inkább csapattagként vennék részt",
2025/07/09 12:00:00 de. EEST,123695,Papp,Jázmin,nő,30,papp.jázmin@example.com,25 év alatti,"Nem tudom még / Attól függ, mik a feladatok",
2025/07/09 12:00:00 de. EEST,123696,Szabó,Ádám,férfi,19,szabó.ádám@example.com,25 év feletti,"Nem tudom még / Attól függ, mik a feladatok",
2025/07/09 12:00:00 de. EEST,123697,Farkas,Boglárka,nő,20,farkas.boglárka@example.com,25 év feletti,"Nem, inkább csapattagként vennék részt",
2025/07/09 12:00:00 de. EEST,123698,Mészáros,Csilla,nő,19,mészáros.csilla@example.com,25 év feletti,"Igen, szívesen lennék csapatvezető",
2025/07/09 12:00:00 de. EEST,123699,Mészáros,Léna,nő,32,mészáros.léna@example.com,25 év alatti,"Igen, szívesen lennék csapatvezető",
2025/07/09 12:00:00 de. EEST,123700,Balogh,Hanna,nő,19,balogh.hanna@example.com,25 év alatti,"Nem, inkább csapattagként vennék részt",
2025/07/09 12:00:00 de. EEST,123701,Takács,Attila,férfi,23,takács.attila@example.com,bármelyik,"Nem tudom még / Attól függ, mik a feladatok",
2025/07/09 12:00:00 de. EEST,123702,Horváth,János,férfi,18,horváth.jános@example.com,25 év alatti,"Igen, szívesen lennék csapatvezető",
2025/07/09 12:00:00 de. EEST,123703,Juhász,Sándor,férfi,22,juhász.sándor@example.com,25 év feletti,"Nem, inkább csapattagként vennék részt",
2025/07/09 12:00:00 de. EEST,123704,Balogh,Hajnalka,nő,23,balogh.hajnalka@example.com,bármelyik,"Igen, szívesen lennék csapatvezető",
2025/07/09 12:00:00 de. EEST,123705,Papp,Zsófia,nő,22,papp.zsófia@example.com,bármelyik,"Nem, inkább csapattagként vennék részt",
2025/07/09 12:00:00 de. EEST,123706,Farkas,Anna,nő,21,farkas.anna@example.com,25 év alatti,"Nem, inkább csapattagként vennék részt",
2025/07/09 12:00:00 de. EEST,123707,Szabó,Máté,férfi,18,szabó.máté@example.com,25 év alatti,"Igen, szívesen lennék csapatvezető",
2025/07/09 12:00:00 de. EEST,123708,Balogh,Noel,férfi,22,balogh.noel@example.com,25 év alatti,"Igen, szívesen lennék csapatvezető",
2025/07/09 12:00:00 de. EEST,123709,Nagy,Hanna,nő,22,nagy.hanna@example.com,25 év alatti,"Nem, inkább csapattagként vennék részt",
2025/07/09 12:00:00 de. EEST,123710,Varga,Kamilla,nő,19,varga.kamilla@example.com,bármelyik,"Nem, inkább csapattagként vennék részt",
2025/07/09 12:00:00 de. EEST,123711,Nagy,Tamás,férfi,23,nagy.tamás@example.com,bármelyik,"Nem, inkább csapattagként vennék részt",
2025/07/09 12:00:00 de. EEST,123712,Horváth,István,férfi,28,horváth.istván@example.com,bármelyik,"Nem, inkább csapattagként vennék részt",
2025/07/09 12:00:00 de. EEST,123713,Molnár,Gréta,nő,23,molnár.gréta@example.com,25 év feletti,"Nem, inkább csapattagként vennék részt",
2025/07/09 12:00:00 de. EEST,123714,Kiss,Bence,férfi,21,kiss.bence@example.com,25 év feletti,"Nem tudom még / Attól függ, mik a feladatok",
2025/07/09 12:00:00 de. EEST,123715,Varga,Csaba,férfi,26,varga.csaba@example.com,25 év alatti,"Nem, inkább csapattagként vennék részt",
2025/07/09 12:00:00 de. EEST,123716,Papp,Boglárka,nő,22,papp.boglárka@example.com,25 év alatti,"Nem, inkább csapattagként vennék részt",
2025/07/09 12:00:00 de. EEST,123717,Tóth,László,férfi,20,tóth.lászló@example.com,25 év alatti,"Nem, inkább csapattagként vennék részt",
2025/07/09 12:00:00 de. EEST,123718,Varga,Réka,nő,23,varga.réka@example.com,25 év alatti,"Nem, inkább csapattagként vennék részt",
2025/07/09 12:00:00 de. EEST,123719,Balogh,Attila,férfi,22,balogh.attila@example.com,25 év alatti,"Nem, inkább csapattagként vennék részt",
2025/07/09 12:00:00 de. EEST,123720,Papp,Zita,nő,24,papp.zita@example.com,25 év alatti,"Nem, inkább csapattagként vennék részt",
2025/07/09 12:00:00 de. EEST,123721,Mészáros,Anna,nő,21,mészáros.anna@example.com,bármelyik,"Igen, szívesen lennék csapatvezető",
2025/07/09 12:00:00 de. EEST,123722,Juhász,József,férfi,19,juhász.józsef@example.com,25 év feletti,"Nem, inkább csapattagként vennék részt",
2025/07/09 12:00:00 de. EEST,123723,Takács,Adél,nő,21,takács.adél@example.com,bármelyik,"Nem, inkább csapattagként vennék részt",
2025/07/09 12:00:00 de. EEST,123724,Szabó,Olivér,férfi,20,szabó.olivér@example.com,25 év alatti,"Nem, inkább csapattagként vennék részt",
2025/07/09 12:00:00 de. EEST,123725,Nagy,Dániel,férfi,22,nagy.dániel@example.com,25 év alatti,"Nem tudom még / Attól függ, mik a feladatok",
2025/07/09 12:00:00 de. EEST,123726,Takács,Zsófia,nő,22,takács.zsófia@example.com,25 év feletti,"Igen, szívesen lennék csapatvezető",
2025/07/09 12:00:00 de. EEST,123727,Nagy,Ilona,nő,22,nagy.ilona@example.com,25 év alatti,"Igen, szívesen lennék csapatvezető",
2025/07/09 12:00:00 de. EEST,123728,Molnár,Luca,nő,22,molnár.luca@example.com,25 év feletti,"Nem, inkább csapattagként vennék részt",
2025/07/09 12:00:00 de. EEST,123729,Takács,Attila,férfi,19,takács.attila@example.com,bármelyik,"Nem, inkább csapattagként vennék részt",
2025/07/09 12:00:00 de. EEST,123730,Varga,Luca,nő,30,varga.luca@example.com,25 év alatti,"Nem, inkább csapattagként vennék részt",
2025/07/09 12:00:00 de. EEST,123731,Molnár,Dominik,férfi,23,molnár.dominik@example.com,25 év feletti,"Nem, inkább csapattagként vennék részt",
2025/07/09 12:00:00 de. EEST,123732,Balogh,Anna,nő,22,balogh.anna@example.com,25 év alatti,"Nem tudom még / Attól függ, mik a feladatok",
2025/07/09 12:00:00 de. EEST,123733,Balogh,Zita,nő,19,balogh.zita@example.com,25 év feletti,"Igen, szívesen lennék csapatvezető",
2025/07/09 12:00:00 de. EEST,123734,Balogh,Ádám,férfi,25,balogh.ádám@example.com,bármelyik,"Igen, szívesen lennék csapatvezető",
2025/07/09 12:00:00 de. EEST,123735,Varga,Bence,férfi,24,varga.bence@example.com,bármelyik,"Nem, inkább csapattagként vennék részt",
2025/07/09 12:00:00 de. EEST,123736,Varga,István,férfi,22,varga.istván@example.com,25 év feletti,"Nem, inkább csapattagként vennék részt",
2025/07/09 12:00:00 de. EEST,123737,Molnár,László,férfi,27,molnár.lászló@example.com,25 év alatti,"Nem, inkább csapattagként vennék részt",
2025/07/09 12:00:00 de. EEST,123738,Horváth,Marcell,férfi,22,horváth.marcell@example.com,25 év alatti,"Nem, inkább csapattagként vennék részt",
2025/07/09 12:00:00 de. EEST,123739,Nagy,Tünde,nő,21,nagy.tünde@example.com,25 év feletti,"Nem tudom még / Attól függ, mik a feladatok",
2025/07/09 12:00:00 de. EEST,123740,Horváth,Réka,nő,24,horváth.réka@example.com,25 év feletti,"Nem, inkább csapattagként vennék részt",
2025/07/09 12:00:00 de. EEST,123741,Varga,János,férfi,22,varga.jános@example.com,25 év feletti,"Igen, szívesen lennék csapatvezető",
2025/07/09 12:00:00 de. EEST,123742,Papp,Zsófia,nő,20,papp.zsófia@example.com,bármelyik,"Igen, szívesen lennék csapatvezető",
2025/07/09 12:00:00 de. EEST,123743,Takács,Ilona,nő,20,takács.ilona@example.com,25 év feletti,"Nem tudom még / Attól függ, mik a feladatok",
2025/07/09 12:00:00 de. EEST,123744,Juhász,Csilla,nő,19,juhász.csilla@example.com,25 év alatti,"Nem, inkább csapattagként vennék részt",
2025/07/09 12:00:00 de. EEST,123745,Varga,Alíz,nő,20,varga.alíz@example.com,25 év alatti,"Igen, szívesen lennék csapatvezető",
2025/07/09 12:00:00 de. EEST,123746,Juhász,Aranka,nő,20,juhász.aranka@example.com,bármelyik,"Nem, inkább csapattagként vennék részt",
2025/07/09 12:00:00 de. EEST,123747,Németh,Kamilla,nő,34,németh.kamilla@example.com,25 év alatti,"Nem, inkább csapattagként vennék részt",
2025/07/09 12:00:00 de. EEST,123748,Papp,Boglárka,nő,19,papp.boglárka@example.com,25 év alatti,"Nem, inkább csapattagként vennék részt",
2025/07/09 12:00:00 de. EEST,123749,Szabó,Ibolya,nő,32,szabó.ibolya@example.com,25 év alatti,"Nem, inkább csapattagként vennék részt",
2025/07/09 12:00:00 de. EEST,123750,Molnár,Jázmin,nő,28,molnár.jázmin@example.com,25 év alatti,"Nem, inkább csapattagként vennék részt",
2025/07/09 12:00:00 de. EEST,123751,Nagy,László,férfi,20,nagy.lászló@example.com,25 év alatti,"Igen, szívesen lennék csapatvezető",
2025/07/09 12:00:00 de. EEST,123752,Nagy,Hajnalka,nő,28,nagy.hajnalka@example.com,bármelyik,"Nem, inkább csapattagként vennék részt",
2025/07/09 12:00:00 de. EEST,123753,Tóth,Aranka,nő,22,tóth.aranka@example.com,bármelyik,"Nem, inkább csapattagként vennék részt",
2025/07/09 12:00:00 de. EEST,123754,Farkas,Ferenc,férfi,18,farkas.ferenc@example.com,25 év alatti,"Nem, inkább csapattagként vennék részt",
2025/07/09 12:00:00 de. EEST,123755,Varga,Alíz,nő,19,varga.alíz@example.com,25 év alatti,"Nem, inkább csapattagként vennék részt",
